﻿<?xml version="1.0" encoding="UTF-8"?><!--
	수정일		수정자					수정내용
  =========     =======    =================================================
  2011.8.24   	이기하     	 	테이블 표준화에 따른 수정사항 반영
  							QUSTNR_TMPLAT_ID 를			 	QESTNR_TMPLAT_ID 로 변경
							QUSTNR_TMPLAT_TY 를 			QESTNR_TMPLAT_TY 로 변경
							FRST_REGIST_PNTTM 를			FRST_REGISTER_PNTTM 로 변경
							QUSTNR_TMPLAT_IMAGE_INFO 를		QESTNR_TMPLAT_IMAGEPATHNM 로 변경
							QUSTNR_TMPLAT_DC 를				QESTNR_TMPLAT_CN 로 변경
							QUSTNR_TMPLAT_PATH_NM 를		QESTNR_TMPLAT_COURS 로 변경
  2011.10.05	정진오		보안 취약점 점검사항에 따른 수정사항 반영
  							${searchKeyword}를	 #{searchKeyword} 로 변경
  							${searchCondition}는 <isEqual property="searchCondition" compareValue="선택조건명">으로 수정
  2017.06.21         김예영			표준프레임워크 v3.7 개선 (주석제거, CDATA 추가)				
--><!--Converted at: Wed May 11 15:51:43 KST 2016-->
<!DOCTYPE mapper PUBLIC "-//mybatis.org//DTD Mapper 3.0//EN" 
"http://mybatis.org/dtd/mybatis-3-mapper.dtd">
<mapper namespace="QustnrTmplatManage">

 	<resultMap id="QustnrTmplatManageTmplatImagepathnm" type="java.util.HashMap">
        <result property="QUSTNR_TMPLAT_IMAGE_INFOPATHNM" column="QUSTNR_TMPLAT_IMAGE_INFOPATHNM" javaType="_byte[]" jdbcType="BLOB"/>
    </resultMap>
	<select id="selectQustnrTmplatManageTmplatImagepathnm" resultMap="QustnrTmplatManageTmplatImagepathnm">
		<![CDATA[
		SELECT
			QUSTNR_TMPLAT_IMAGE_INFO AS QUSTNR_TMPLAT_IMAGE_INFOPATHNM
		FROM COMTNQUSTNRTMPLAT
		WHERE 1=1
		AND QUSTNR_TMPLAT_ID = #{qestnrTmplatId}
		]]>
	</select>

	<!-- 설문응답자 삭제 -->
	<delete id="deleteQustnrRespondManage" parameterType="com.sillasystem.tmplatManage.service.QustnrTmplatManageVO">
		<![CDATA[
		DELETE FROM COMTNQUSTNRRESPONDINFO
		WHERE QUSTNR_TMPLAT_ID = #{qestnrTmplatId}
		]]>
	</delete>
	<!-- 설문조사(설문결과) 삭제 -->
	<delete id="deleteQustnrRespondInfo" parameterType="com.sillasystem.tmplatManage.service.QustnrTmplatManageVO">
		<![CDATA[
		DELETE FROM COMTNQUSTNRRSPNSRESULT
		WHERE QUSTNR_TMPLAT_ID = #{qestnrTmplatId}
		]]>
	</delete>
	<!-- 설문항목 삭제 -->
	<delete id="deleteQustnrItemManage" parameterType="com.sillasystem.tmplatManage.service.QustnrTmplatManageVO">
		<![CDATA[
		DELETE FROM COMTNQUSTNRIEM
		WHERE QUSTNR_TMPLAT_ID = #{qestnrTmplatId}
		]]>
	</delete>
	<!-- 설문문항 삭제 -->
	<delete id="deleteQustnrQestnManage" parameterType="com.sillasystem.tmplatManage.service.QustnrTmplatManageVO">
		<![CDATA[
		DELETE FROM COMTNQUSTNRQESITM
		WHERE QUSTNR_TMPLAT_ID = #{qestnrTmplatId}
		]]>
	</delete>
	<!-- 설문관리 삭제 -->
	<delete id="deleteQustnrManage" parameterType="com.sillasystem.tmplatManage.service.QustnrTmplatManageVO">
		<![CDATA[
		DELETE FROM COMTNQESTNRINFO
		WHERE QUSTNR_TMPLAT_ID = #{qestnrTmplatId}
		]]>
	</delete>

	<delete id="deleteQustnrTmplatManage" parameterType="com.sillasystem.tmplatManage.service.QustnrTmplatManageVO">
		<![CDATA[
			DELETE FROM COMTNQUSTNRTMPLAT
			WHERE QUSTNR_TMPLAT_ID = #{qestnrTmplatId}
		]]>
	</delete>

	<update id="updateQustnrTmplatManage" parameterType="com.sillasystem.tmplatManage.service.QustnrTmplatManageVO">
		<![CDATA[
		UPDATE COMTNQUSTNRTMPLAT
		SET
		]]>
		<if test="qestnrTmplatImagepathnm != null">
			QUSTNR_TMPLAT_IMAGE_INFO = #{qestnrTmplatImagepathnm, jdbcType=BLOB},
		</if>
		<![CDATA[
		QUSTNR_TMPLAT_TY = #{qestnrTmplatTy},
		QUSTNR_TMPLAT_DC = #{qestnrTmplatCn},
		QUSTNR_TMPLAT_PATH_NM = #{qestnrTmplatCours},
		LAST_UPDT_PNTTM = sysdate(),
		LAST_UPDUSR_ID = #{lastUpdusrId}
		WHERE QUSTNR_TMPLAT_ID = #{qestnrTmplatId}
		]]>
	</update>

	<select id="selectQustnrTmplatManageDetail" parameterType="com.sillasystem.tmplatManage.service.QustnrTmplatManageVO" resultType="egovMap">
		<![CDATA[
		SELECT
			QUSTNR_TMPLAT_ID AS QESTNR_TMPLAT_ID,
			QUSTNR_TMPLAT_TY AS QESTNR_TMPLAT_TY,
			FRST_REGIST_PNTTM AS FRST_REGISTER_PNTTM,
			FRST_REGISTER_ID,
			LAST_UPDT_PNTTM,
			LAST_UPDUSR_ID,
			QUSTNR_TMPLAT_IMAGE_INFO AS QESTNR_TMPLAT_IMAGEPATHNM,
			QUSTNR_TMPLAT_DC AS QESTNR_TMPLAT_CN,
			QUSTNR_TMPLAT_PATH_NM AS QESTNR_TMPLAT_COURS
		FROM COMTNQUSTNRTMPLAT
		WHERE 1=1
		AND QUSTNR_TMPLAT_ID = #{qestnrTmplatId}
		]]>
	</select>

	<select id="selectQustnrTmplatManage" parameterType="comDefaultVO" resultType="egovMap">
	 	<![CDATA[
		SELECT
			A.QUSTNR_TMPLAT_ID AS QESTNR_TMPLAT_ID,
			A.QUSTNR_TMPLAT_TY AS QESTNR_TMPLAT_TY,
			A.FRST_REGIST_PNTTM AS FRST_REGISTER_PNTTM,
			(SELECT USER_NM FROM COMTNEMPLYRINFO WHERE ESNTL_ID = A.FRST_REGISTER_ID) FRST_REGISTER_NM,
			A.FRST_REGISTER_ID,
			A.LAST_UPDT_PNTTM,
			A.LAST_UPDUSR_ID,
			A.QUSTNR_TMPLAT_IMAGE_INFO AS QESTNR_TMPLAT_IMAGEPATHNM,
			A.QUSTNR_TMPLAT_DC AS QESTNR_TMPLAT_CN,
			A.QUSTNR_TMPLAT_PATH_NM AS QESTNR_TMPLAT_COURS
			FROM COMTNQUSTNRTMPLAT A
		WHERE 1=1
	 	]]>
	 <if test="searchKeyword != null and searchKeyword != ''">
	 	
	 		
	 			<if test="searchCondition == 'QUSTNR_TMPLAT_DC'">
	 				AND QUSTNR_TMPLAT_DC LIKE CONCAT('%', #{searchKeyword}, '%')
	 			</if>
	 			<if test="searchCondition == 'QUSTNR_TMPLAT_TY'">
	 				AND QUSTNR_TMPLAT_TY LIKE CONCAT('%', #{searchKeyword}, '%')
	 			</if>
	 		
	 	
	 </if>
	 	<![CDATA[
		ORDER BY A.FRST_REGIST_PNTTM DESC
		LIMIT #{recordCountPerPage} OFFSET #{firstIndex}
		]]>
	</select>

	<select id="selectQustnrTmplatManageCnt" parameterType="comDefaultVO" resultType="int">
		<![CDATA[
		SELECT
		COUNT(*) totcnt
		FROM COMTNQUSTNRTMPLAT
		WHERE 1=1
		]]>
	 <if test="searchKeyword != null and searchKeyword != ''">
	 	
	 		
	 			<if test="searchCondition == 'QUSTNR_TMPLAT_DC'">
	 				AND QUSTNR_TMPLAT_DC LIKE CONCAT('%', #{searchKeyword}, '%')
	 			</if>
	 			<if test="searchCondition == 'QUSTNR_TMPLAT_TY'">
	 				AND QUSTNR_TMPLAT_TY LIKE CONCAT('%', #{searchKeyword}, '%')
	 			</if>
	 		
	 	
	 </if>
	</select>

	<insert id="insertQustnrTmplatManage">
	 
		<![CDATA[
		INSERT INTO COMTNQUSTNRTMPLAT (
			QUSTNR_TMPLAT_ID
			,QUSTNR_TMPLAT_TY
			,QUSTNR_TMPLAT_IMAGE_INFO
			,QUSTNR_TMPLAT_DC
			,QUSTNR_TMPLAT_PATH_NM
			,FRST_REGIST_PNTTM
			,FRST_REGISTER_ID
			,LAST_UPDT_PNTTM
			,LAST_UPDUSR_ID
		)VALUES(
			#{qestnrTmplatId}
			,#{qestnrTmplatTy}
			,#{qestnrTmplatImagepathnm,jdbcType=BLOB}
			,#{qestnrTmplatCn}
			,#{qestnrTmplatCours}
			,sysdate()
			,#{frstRegisterId}
			,sysdate()
			,#{lastUpdusrId}
		)
		]]>
	 
	</insert>


</mapper>