<?xml version="1.0" encoding="UTF-8"?>
<!DOCTYPE mapper PUBLIC "-//mybatis.org//DTD Mapper 3.0//EN"
        "http://mybatis.org/dtd/mybatis-3-mapper.dtd">
<mapper namespace="ctbBbsArticleDAO">

	<!-- 게시글 리스트 -->
    <select id="selectBbsArticleList" resultType="egovMap">
		SELECT /* ctbBbsArticleDAO.selectBbsArticleList */
						 BBS_ARTICLE_ID
						,BBS_ID
						,TITLE
						,CONTENT
					    ,DEL_YN
						,NOTICE_YN
						,REG_IP
					    ,READ_CNT
						,ATCH_FILE_ID
						,STATUS
						,REG_ID
						,REG_DT
						,UPD_ID
						,UPD_DT
			FROM  silla_ctb_bbsdtls
        <where>
            AND DEL_YN = 'N'
            AND BBS_ID = #{bbsId}
            <if test="searchType != null and searchType neq '' ">
                <choose>
                    <when test="searchType eq 'title'">
                        AND TITLE LIKE CONCAT('%',#{searchValue},'%')
                    </when>
                    <when test="searchType eq 'content'">
                        AND CONTENT LIKE CONCAT('%',#{searchValue},'%')
                    </when>
                    <when test="searchType eq 'regId'">
                        AND REG_ID LIKE CONCAT('%',#{searchValue},'%')
                    </when>
                    <when test="searchType eq 'all'">
                        AND ( TITLE LIKE CONCAT('%',#{searchValue},'%') OR CONTENT LIKE CONCAT('%',#{searchValue},'%') OR REG_ID LIKE CONCAT('%',#{searchValue},'%')  )
                    </when>
                </choose>
            </if>
            <if test="searchStartDate != null and searchStartDate neq ''">
                AND REG_DT <![CDATA[>=]]> STR_TO_DATE(CONCAT(#{searchStartDate},'00:00:00'),'%Y-%m-%d %H:%i:%S')
            </if>
            <if test="searchEndDate != null and searchEndDate neq ''">
                AND REG_DT <![CDATA[<=]]> STR_TO_DATE(CONCAT(#{searchEndDate},'23:59:59'),'%Y-%m-%d %H:%i:%S')
            </if>
        </where>
        ORDER BY CASE WHEN NOTICE_YN = 'Y' THEN 0 ELSE 1 END, BBS_ARTICLE_ID DESC
        LIMIT #{recordCountPerPage} OFFSET #{firstIndex}
    </select>

	<!-- 게시글 totalcnt -->
    <select id="selectBbsArticleListCnt" resultType="int">
        SELECT /* bbsArticleDAO.selectBbsArticleListCnt */
                COUNT(BBS_ARTICLE_ID)
        FROM  silla_ctb_bbsdtls
        <where>
            AND DEL_YN = 'N'
            AND BBS_ID = #{bbsId}
            <if test="searchType != null and searchType neq '' ">
                <choose>
                    <when test="searchType eq 'title'">
                        AND TITLE LIKE CONCAT('%',#{searchValue},'%')
                    </when>
                    <when test="searchType eq 'content'">
                        AND CONTENT LIKE CONCAT('%',#{searchValue},'%')
                    </when>
                    <when test="searchType eq 'regId'">
                        AND REG_ID LIKE CONCAT('%',#{searchValue},'%')
                    </when>
                    <when test="searchType eq 'all'">
                        AND ( TITLE LIKE CONCAT('%',#{searchValue},'%') OR CONTENT LIKE CONCAT('%',#{searchValue},'%') OR REG_ID LIKE CONCAT('%',#{searchValue},'%')  )
                    </when>
                </choose>
            </if>
            <if test="searchStartDate != null and searchStartDate neq ''">
                AND REG_DT <![CDATA[>=]]> STR_TO_DATE(CONCAT(#{searchStartDate},'00:00:00'),'%Y-%m-%d %H:%i:%S')
            </if>
            <if test="searchEndDate != null and searchEndDate neq ''">
                AND REG_DT <![CDATA[<=]]> STR_TO_DATE(CONCAT(#{searchEndDate},'23:59:59'),'%Y-%m-%d %H:%i:%S')
            </if>
        </where>
    </select>
	
	<!--  게시글 단건 조회 -->
    <select id="selectBbsArticleView" resultType="egovMap">
        SELECT  /* bbsArticleDAO.selectBbsArticleView */
                BBS_ARTICLE_ID
				,BBS_ID
                ,TITLE
				,CONTENT
                ,DEL_YN
				,NOTICE_YN
				,REG_IP
				,READ_CNT
				,ATCH_FILE_ID
                ,STATUS
				,REG_ID
				,REG_DT
				,UPD_ID
				,UPD_DT
        FROM silla_ctb_bbsdtls
        WHERE BBS_ARTICLE_ID = #{bbsArticleId}
    </select>

    <select id="selectBbsArticleFileList" resultType="egovMap">
        SELECT  /* bbsArticleDAO.selectBbsArticleFileList */
                ATCH_FILE_ID
                ,FILE_SN
                ,FILE_STRE_COURS
                ,STRE_FILE_NM
                ,ORIGNL_FILE_NM
                ,FILE_EXTSN
                ,FILE_CN
                ,FILE_SIZE
        FROM SILLA_FILE_DTL
        WHERE ATCH_FILE_ID = #{atchFileId}
    </select>
	
	<!-- 게시글 조회수 업데이트 -->
    <update id="updateReadCnt">
        UPDATE /* bbsArticleDAO.updateReadCnt */  silla_ctb_bbsdtls
        SET READ_CNT = IFNULL(READ_CNT,0) +1
        WHERE bbs_article_id = #{bbsArticleId}
    </update>
	
	<!-- 게시글 등록 -->
    <insert id="insertBbsArticle">
        INSERT INTO /* ctbBbsArticleDAO.insertBbsArticle */ silla_ctb_bbsdtls (
            BBS_ID
            ,TITLE
            ,CONTENT
            ,DEL_YN
            ,NOTICE_YN
            ,REG_IP
            ,READ_CNT
            ,ATCH_FILE_ID
            ,STATUS
            ,REG_ID
            ,REG_DT
            ,UPD_ID
            ,UPD_DT
        ) VALUES (
            #{bbsId}
            ,#{title}
            ,#{content}
            ,IFNULL(#{delYn}, 'N')
            ,IFNULL(#{noticeYn}, 'N')
            ,IFNULL(#{regIp}, 'N')
            ,0
            ,#{atchFileId}
            ,IFNULL(#{status}, 'Y')
            ,#{regId}
            ,now()
            ,#{updId}
            ,now()
        )
    </insert>
	
	<update id="updateHtmlEscape">
		UPDATE silla_ctb_bbsdtls
		SET content = REPLACE(REPLACE(REPLACE(content, '&lt;', <![CDATA['<']]>), '&gt;', <![CDATA['>']]>), '&quot;', <![CDATA['"']]>)
	</update>
	
	<!-- 게시글 업데이트 -->
    <update id="updateBbsArticle">
        UPDATE /* bbsArticleDAO.updateBbsArticle */ silla_ctb_bbsdtls
        SET
            TITLE = #{title},
            CONTENT = #{content},
            ATCH_FILE_ID = #{atchFileId},
            NOTICE_YN = #{noticeYn},
            UPD_ID = #{updId},
            UPD_DT = now()
        WHERE BBS_ARTICLE_ID = #{bbsArticleId}
    </update>
    
	<!-- 게시글 삭제 -->
    <update id="deleteBbsArticle">
        UPDATE /* bbsArticleDAO.deleteBbsArticle */ silla_ctb_bbsdtls
        SET
        DEL_YN = 'Y',
        UPD_ID = #{updId},
        UPD_DT = #{updDt}
        WHERE BBS_ARTICLE_ID = #{bbsArticleId}
    </update>

    <update id="updateBbsArticleBeforeAnswerInsert">
        UPDATE /* bbsArticleDAO.updateBbsArticleBeforeAnswerInsert */ SILLA_BBS
        SET STEP = STEP +1
        WHERE BBS_ID = #{bbsId}
        AND STEP &gt; #{step}
    </update>
</mapper>