<?xml version="1.0" encoding="UTF-8"?>
<!DOCTYPE mapper PUBLIC "-//mybatis.org//DTD Mapper 3.0//EN" 
"http://mybatis.org/dtd/mybatis-3-mapper.dtd">
<mapper namespace="menuManageTreeDAO">
	
	<select id="selectAuthorCode" resultType="egovMap">
	    
	    SELECT AUTHOR_CODE AS authorCode
	    FROM COMTNAUTHORINFO A
	    
	</select>
	
	<select id="selectMenuCreatList_D" parameterType="com.sillasystem.sym.mnu.mcmt.service.MenuCreateTreeVO" resultType="egovMap">
		
			SELECT
				  A.MENU_NO AS menuNo
				, A.MENU_ORDR AS menuOrdr
				, A.MENU_NM AS menuNm
				, A.UPPER_MENU_NO AS upperMenuId
				, A.USER_TYPE AS userType
			    , (SELECT count(B.MENU_NO) 
			         FROM COMTNMENUCREATDTLS B   
			        WHERE B.MENU_NO  = A.MENU_NO 
			          AND B.AUTHOR_CODE = #{authorCode}) AS chkYeoBu
			FROM COMTNMENUINFO A
			WHERE A.MENU_NO > 0 
			<choose>
			    <when test='userType == "U"'>
			         and A.USER_TYPE = 'U' 
			    </when>
			    <otherwise>
			         and A.USER_TYPE = 'A' 
			    </otherwise>
			</choose>
			ORDER BY A.UPPER_MENU_NO
		 
	</select>
	
	<select id="selectMenuCreatCnt_S" parameterType="com.sillasystem.sym.mnu.mcmt.service.MenuCreateTreeVO" resultType="int">
	    SELECT COUNT(AUTHOR_CODE) AS totcnt
		FROM COMTNAUTHORINFO
		WHERE AUTHOR_CODE = #{authorCode}
	    
	</select>
	
	<delete id="deleteMenuCreat_S">
		                          
			DELETE FROM COMTNMENUCREATDTLS              
			WHERE AUTHOR_CODE=#{authorCode}                
		                                
	</delete> 
	
	<insert id="insertMenuCreat_S">
		
			INSERT INTO COMTNMENUCREATDTLS ( AUTHOR_CODE ,MENU_NO )
			VALUES (  #{authorCode}, #{menuNo} )
		
	</insert>

</mapper>