<?xml version="1.0" encoding="UTF-8"?>
<!DOCTYPE mapper PUBLIC "-//mybatis.org//DTD Mapper 3.0//EN" 
"http://mybatis.org/dtd/mybatis-3-mapper.dtd">
<mapper namespace="batSchdulDao">
    <resultMap id="batchSchdulResult" type="com.sillasystem.bat.vo.BatScheduleVO">
        <result property="batchSchdulId" column="BATCH_SCHDUL_ID"/>
        <result property="batchOpertId" column="BATCH_OPERT_ID"/>
        <result property="batchOpertNm" column="BATCH_OPERT_NM"/>
        <result property="batchProgrm" column="BATCH_PROGRM"/>
        <result property="paramtr" column="PARAMTR"/>
        <result property="executCycle" column="EXECUT_CYCLE"/>
        <result property="executCycleNm" column="EXECUT_CYCLE_NM"/>
        <result property="executSchdulDe" column="EXECUT_SCHDUL_DE"/>
        <result property="executSchdulHour" column="EXECUT_SCHDUL_HOUR"/>
        <result property="executSchdulMnt" column="EXECUT_SCHDUL_MNT"/>
        <result property="executSchdulSecnd" column="EXECUT_SCHDUL_SECND"/>
        <result property="frstRegisterId" column="FRST_REGISTER_ID"/>
        <result property="frstRegisterPnttm" column="FRST_REGIST_PNTTM"/>
        <result property="lastUpdusrId" column="LAST_UPDUSR_ID"/>
        <result property="lastUpdusrPnttm" column="LAST_UPDT_PNTTM"/>
    </resultMap>
    <resultMap id="batchSchdulDfkResult" type="com.sillasystem.bat.vo.BatSchdulDfk">
        <result property="batchSchdulId" column="BATCH_SCHDUL_ID"/>
        <result property="executSchdulDfkSe" column="EXECUT_SCHDUL_DFK_SE"/>
        <result property="executSchdulDfkSeNm" column="EXECUT_SCHDUL_DFK_SE_NM"/>
    </resultMap>


    <select id="selectBatchSchdulList" parameterType="com.sillasystem.bat.vo.BatScheduleVO" resultMap="batchSchdulResult">
         
            SELECT  A.BATCH_SCHDUL_ID, A.BATCH_OPERT_ID, A.EXECUT_CYCLE, C.CODE_NM EXECUT_CYCLE_NM,
               A.EXECUT_SCHDUL_DE, A.EXECUT_SCHDUL_HOUR, A.EXECUT_SCHDUL_MNT, A.EXECUT_SCHDUL_SECND,
               B.BATCH_OPERT_NM, B.BATCH_PROGRM, B.PARAMTR,
               DATE_FORMAT(A.LAST_UPDT_PNTTM, '%Y-%m-%d %H:%i:%S') AS LAST_UPDT_PNTTM, A.LAST_UPDUSR_ID,
               A.FRST_REGISTER_ID, DATE_FORMAT(A.FRST_REGIST_PNTTM, '%Y-%m-%d %H:%i:%S') AS FRST_REGIST_PNTTM
            FROM tbl_batschdul A, tb_batopert B, COMTCCMMNDETAILCODE C
            WHERE A.BATCH_OPERT_ID = B.BATCH_OPERT_ID
              AND A.EXECUT_CYCLE = C.CODE
              AND C.CODE_ID = 'COM047'
        
            <if test="searchCondition == 0">AND
                   B.BATCH_OPERT_NM LIKE CONCAT ('%', #{searchKeyword},'%')        
            </if>
            <if test="searchCondition == 1">AND
                   B.BATCH_PROGRM LIKE CONCAT ('%', #{searchKeyword},'%')        
            </if>
        
            ORDER BY A.BATCH_SCHDUL_ID ASC
            LIMIT #{recordCountPerPage} OFFSET #{firstIndex}
                     
    </select>

    <select id="selectBatchSchdulListCnt" parameterType="com.sillasystem.bat.vo.BatScheduleVO" resultType="java.lang.Integer">
        
            SELECT COUNT(*) totcnt
            FROM tbl_batschdul A, tb_batopert B, COMTCCMMNDETAILCODE C
            WHERE A.BATCH_OPERT_ID = B.BATCH_OPERT_ID
              AND A.EXECUT_CYCLE = C.CODE
              AND C.CODE_ID = 'COM047'
        
            <if test="searchCondition == 0">AND
                   B.BATCH_OPERT_NM LIKE CONCAT ('%', #{searchKeyword},'%')        
            </if>
            <if test="searchCondition == 1">AND
                   B.BATCH_PROGRM LIKE CONCAT ('%', #{searchKeyword},'%')        
            </if>
    </select>

    
    <select id="selectBatchSchdul" parameterType="com.sillasystem.bat.vo.BatScheduleVO" resultMap="batchSchdulResult">
        
            SELECT  A.BATCH_SCHDUL_ID, A.BATCH_OPERT_ID, A.EXECUT_CYCLE, C.CODE_NM EXECUT_CYCLE_NM,
               A.EXECUT_SCHDUL_DE, A.EXECUT_SCHDUL_HOUR, A.EXECUT_SCHDUL_MNT, A.EXECUT_SCHDUL_SECND,
               B.BATCH_OPERT_NM, B.BATCH_PROGRM, B.PARAMTR,
               DATE_FORMAT(A.LAST_UPDT_PNTTM, '%Y-%m-%d %H:%i:%S') AS LAST_UPDT_PNTTM, A.LAST_UPDUSR_ID,
               A.FRST_REGISTER_ID, DATE_FORMAT(A.FRST_REGIST_PNTTM, '%Y-%m-%d %H:%i:%S') AS FRST_REGIST_PNTTM
            FROM tbl_batschdul A, tb_batopert B, COMTCCMMNDETAILCODE C
            WHERE A.BATCH_OPERT_ID = B.BATCH_OPERT_ID
              AND A.EXECUT_CYCLE = C.CODE
              AND C.CODE_ID = 'COM047'
              AND A.BATCH_SCHDUL_ID = #{batchSchdulId}
        
    </select>

    <insert id="insertBatchSchdul" parameterType="com.sillasystem.bat.vo.BatScheduleVO">
        
            INSERT INTO tbl_batschdul (
                BATCH_SCHDUL_ID, BATCH_OPERT_ID, EXECUT_CYCLE,
                EXECUT_SCHDUL_DE, EXECUT_SCHDUL_HOUR, EXECUT_SCHDUL_MNT, EXECUT_SCHDUL_SECND,
                LAST_UPDUSR_ID, LAST_UPDT_PNTTM,FRST_REGISTER_ID, FRST_REGIST_PNTTM
                ) 
            VALUES (
                    #{batchSchdulId},  
                    #{batchOpertId},  
                    #{executCycle},
                    #{executSchdulDe},
                    #{executSchdulHour},
                    #{executSchdulMnt},
                    #{executSchdulSecnd},
                    #{lastUpdusrId},
                    SYSDATE(),
                    #{frstRegisterId},
                    SYSDATE()
                 ) 
        
    </insert>

     <update id="updateBatchSchdul" parameterType="com.sillasystem.bat.vo.BatScheduleVO">
        
            UPDATE tbl_batschdul SET 
                BATCH_OPERT_ID = #{batchOpertId},
                EXECUT_CYCLE = #{executCycle},
                EXECUT_SCHDUL_DE = #{executSchdulDe},
                EXECUT_SCHDUL_HOUR = #{executSchdulHour},
                EXECUT_SCHDUL_MNT = #{executSchdulMnt},
                EXECUT_SCHDUL_SECND = #{executSchdulSecnd},
                LAST_UPDUSR_ID = #{lastUpdusrId},
                LAST_UPDT_PNTTM = SYSDATE()
            WHERE BATCH_SCHDUL_ID = #{batchSchdulId} 
        
    </update>
    

    <delete id="deleteBatchSchdul" parameterType="com.sillasystem.bat.vo.BatScheduleVO">
        
            DELETE FROM tbl_batschdul
            WHERE  BATCH_SCHDUL_ID = #{batchSchdulId} 
        
    </delete>
    
    <select id="selectBatchSchdulDfkList" parameterType="String" resultMap="batchSchdulDfkResult">
        
            SELECT  A.BATCH_SCHDUL_ID, A.EXECUT_SCHDUL_DFK_SE, B.CODE_NM EXECUT_SCHDUL_DFK_SE_NM
            FROM tbl_batschduldfk A, COMTCCMMNDETAILCODE B
            WHERE A.BATCH_SCHDUL_ID = #{batchSchdulId}
              AND A.EXECUT_SCHDUL_DFK_SE = B.CODE
              AND B.CODE_ID = 'COM074'
        
    </select>

    <insert id="insertBatchSchdulDfk" parameterType="com.sillasystem.bat.vo.BatSchdulDfk">
        
            INSERT INTO tbl_batschduldfk (
                BATCH_SCHDUL_ID, EXECUT_SCHDUL_DFK_SE
                ) 
            VALUES (
                    #{batchSchdulId},  
                    #{executSchdulDfkSe}
                 ) 
        
    </insert>

    <delete id="deleteBatchSchdulDfk" parameterType="String">
        
            DELETE FROM tbl_batschduldfk
            WHERE  BATCH_SCHDUL_ID = #{batchSchdulId} 
        
    </delete>
   
</mapper>