<?xml version="1.0" encoding="UTF-8" ?>
<!DOCTYPE tiles-definitions PUBLIC
       "-//Apache Software Foundation//DTD Tiles Configuration 3.0//EN"
       "http://tiles.apache.org/dtds/tiles-config_3_0.dtd">
<tiles-definitions>

  
  
  <definition name="user.home" template="/WEB-INF/layout/template.jsp">
		<put-attribute name="menu" value="/WEB-INF/layout/menu.jsp" />
  </definition>
  
  
  <definition name="WILDCARD:jsp/*" extends="user.home">
		<put-attribute name="body" value="/WEB-INF/jsp/{1}.jsp" />
  </definition>
  
  <!-- 
	
  
  <definition name="myapp.homepage" template="/layouts/classic.jsp">
    <put-attribute name="title" value="Tiles tutorial homepage" />
    <put-attribute name="header" value="/tiles/banner.jsp" />
    <put-attribute name="menu" value="/tiles/common_menu.jsp" />
    <put-attribute name="body" value="/tiles/home_body.jsp" />
    <put-attribute name="footer" value="/tiles/credits.jsp" />
  </definition>
   -->
  
  <!-- 
  	<definition name="myapp.homepage2" extends="home">
    <put-attribute name="body" value="/tiles/home_body2.jsp" />
  </definition>
   -->
  
  
  
</tiles-definitions>
