<?xml version="1.0" encoding="UTF-8"?>
<!DOCTYPE mapper PUBLIC "-//mybatis.org//DTD Mapper 3.0//EN"
        "http://mybatis.org/dtd/mybatis-3-mapper.dtd">
<mapper namespace="menuManageDAO">
	
	<!-- 메뉴 가지고 오기 -->
    <select id="selectMenuList" parameterType="com.sillasystem.menuManage.service.MenuManageVO" resultType="egovMap">
		<![CDATA[
			SELECT MENU_NM
			     , MENU_NO
			     , UPPER_MENU_NO
			  FROM COMTNMENUINFO
			 WHERE IFNULL(USER_TYPE,'A') = #{userType}
		     AND   MENU_NO != '0'
			ORDER BY UPPER_MENU_NO ASC
			     , MENU_ORDR ASC
		]]>
	</select>
	
	<!-- 메뉴 상세 가지고 오기 -->
    <select id="selectMenuDetail" parameterType="com.sillasystem.menuManage.service.MenuManageVO" resultType="com.sillasystem.menuManage.service.MenuManageVO">
		
		<![CDATA[
			SELECT MENU_NO
			     , MENU_NM
			     , PROGRM_FILE_NM
			     , UPPER_MENU_NO
			     , (SELECT MENU_NM FROM COMTNMENUINFO WHERE MENU_NO = M.UPPER_MENU_NO) AS UPPER_MENU_NM
			     , MENU_ORDR
			     , MENU_DC
			     , RELATE_IMAGE_PATH
			     , RELATE_IMAGE_NM
			     , MENU_VIEW_YN
			     , USER_TYPE
			     , (SELECT GROUP_CONCAT(AUTHOR_CODE separator '/') FROM COMTNMENUCREATDTLS WHERE MENU_NO = M.MENU_NO) AS AUTHOR_CODE
			FROM COMTNMENUINFO M
			WHERE MENU_NO= #{menuNo}
		]]>
		
	</select>
	
	<select id="selectMenuSeq"  parameterType="com.sillasystem.menuManage.service.MenuManageVO" resultType="String">
		
		<![CDATA[
			SELECT IFNULL(MAX(MENU_NO),0) + 1 FROM COMTNMENUINFO
		]]>
		
	</select>
	
	<select id="selectChildrenMenuCnt"  parameterType="com.sillasystem.menuManage.service.MenuManageVO" resultType="int">
		
		<![CDATA[
			SELECT COUNT(MENU_NO) 
			  FROM COMTNMENUINFO
			 WHERE UPPER_MENU_NO = ${menuNo}
		]]>
		
	</select>
	
	<!-- 권한 가지고 오기 -->
    <select id="selectAuthor" parameterType="com.sillasystem.menuManage.service.MenuManageVO" resultType="egovMap">
		
		<![CDATA[
		SELECT AUTHOR_CODE
     		 , AUTHOR_NM 
  		  FROM COMTNAUTHORINFO
		 WHERE AUTHOR_ADM = #{userType}
         ORDER BY AUTHOR_CODE ASC	
		]]>
		
	</select>
	
	<!-- 메뉴 등록 -->
	<insert id="insertMenu" parameterType="com.sillasystem.menuManage.service.MenuManageVO">
		<![CDATA[
			INSERT INTO COMTNMENUINFO 
				 ( MENU_NO
            	 , MENU_ORDR
            	 , MENU_NM
            	 , UPPER_MENU_NO
            	 , MENU_DC
            	 , RELATE_IMAGE_PATH
            	 , RELATE_IMAGE_NM
            	 , PROGRM_FILE_NM
            	 , MENU_VIEW_YN
            	 , USER_TYPE
             	 ) VALUES 
             	 ( #{menuNo}
                 , #{menuOrdr}
                 , #{menuNm}  
                 , #{upperMenuNo}
                 , #{menuDc}
                 , #{relateImagePath}
                 , #{relateImageNm}
                 , #{progrmFileNm}
                 , #{menuViewYn}
                 , #{userType}
                 )
		]]>
	</insert>
	
	<!-- 메뉴 권한 등록 -->
	<insert id="insertMenuAuth" parameterType="com.sillasystem.menuManage.service.MenuManageVO">
		<![CDATA[
			INSERT INTO COMTNMENUCREATDTLS 
				 ( MENU_NO
            	 , AUTHOR_CODE
             	 ) VALUES 
             	 ( #{menuNo}
                 , #{authorCode}
                 )
		]]>
	</insert>
	
	<!-- 메뉴 수정 -->
	<update id="updateMenu" parameterType="com.sillasystem.menuManage.service.MenuManageVO">
		<![CDATA[
			UPDATE COMTNMENUINFO 
			   SET MENU_ORDR         = #{menuOrdr}       
            	 , MENU_NM           = #{menuNm}         
            	 , UPPER_MENU_NO     = #{upperMenuNo}    
            	 , MENU_DC           = #{menuDc}         
            	 , RELATE_IMAGE_PATH = #{relateImagePath}
            	 , RELATE_IMAGE_NM   = #{relateImageNm}  
            	 , PROGRM_FILE_NM    = #{progrmFileNm}
            	 , MENU_VIEW_YN 	 = #{menuViewYn}  
            	 , USER_TYPE         = #{userType} 
		 	 WHERE MENU_NO=#{menuNo}
		]]>
	</update>
	
	<!-- 메뉴 삭제 -->
	<delete id="deleteMenu" parameterType="com.sillasystem.menuManage.service.MenuManageVO">
		<![CDATA[
			DELETE FROM COMTNMENUINFO              
			 WHERE MENU_NO=#{menuNo}                 
		]]>
	</delete>
	
	<!-- 메뉴 권한 삭제 -->
	<delete id="deleteMenuAuth" parameterType="com.sillasystem.menuManage.service.MenuManageVO">
		<![CDATA[
			DELETE FROM COMTNMENUCREATDTLS              
			 WHERE MENU_NO=#{menuNo}
		]]>
	</delete>
	
</mapper>