<?xml version="1.0" encoding="UTF-8"?><!--Converted at: Wed May 11 15:50:41 KST 2016
	수정일                 수정자                          수정내용
  =========     =======    =================================================
 2017.09.19		이정은			날짜로 검색 시 '-'를 공백으로 변환, 로그삭제기한 210일 -> 6개월로 변경
  -->
<!DOCTYPE mapper PUBLIC "-//mybatis.org//DTD Mapper 3.0//EN"
        "http://mybatis.org/dtd/mybatis-3-mapper.dtd">
<mapper namespace="WebLog">

    <!-- 웹로그 맵 -->
    <resultMap id="WebLogVO" type="egovframework.com.sym.log.wlg.service.WebLog">
        <result property="requstId" column="REQUST_ID"/>
        <result property="occrrncDe" column="OCCRRNC_DE"/>
        <result property="url" column="URL"/>
        <result property="rqesterIp" column="RQESTER_IP"/>
        <result property="rqesterId" column="RQESTER_ID"/>
        <result property="rqsterNm" column="RQESTER_NM"/>
        <result property="parameter" column="parameter"/>
    </resultMap>

    <!-- 웹 로그 등록 -->
    <insert id="logInsertWebLog" parameterType="egovframework.com.sym.log.wlg.service.WebLog">
		<![CDATA[
			INSERT INTO COMTNWEBLOG
				( REQUST_ID
				  , URL
				  , PARAMETER
				  , RQESTER_ID
				  , RQESTER_IP
				  , OCCRRNC_DE )
			VALUES ( #{requstId}
				  , #{url}
				  , #{parameter}
				  , #{rqesterId}
				  , #{rqesterIp}
				  , sysdate())
		]]>
	</insert>

    <!-- 웹 로그 상세 조회 -->
    <select id="selectWebLog" parameterType="egovframework.com.sym.log.wlg.service.WebLog" resultMap="WebLogVO">
		<![CDATA[
			SELECT
				  a.REQUST_ID
				, a.OCCRRNC_DE
				, a.URL
				, a.PARAMETER
				, a.RQESTER_IP
				, a.RQESTER_ID
				, b.USER_NM AS RQESTER_NM
			FROM
				COMTNWEBLOG a
			LEFT OUTER JOIN COMVNUSERMASTER b
				ON a.RQESTER_ID = b.ESNTL_ID
			WHERE
				a.REQUST_ID = #{requstId}
		]]>
	</select>

    <!-- 웹 로그 목록 조회 -->
    <select id="selectWebLogInf" parameterType="egovframework.com.sym.log.wlg.service.WebLog" resultMap="WebLogVO">
        <![CDATA[
			SELECT
				  a.REQUST_ID
				, a.OCCRRNC_DE
				, a.URL
				, a.PARAMETER
				, a.RQESTER_IP
				, a.RQESTER_ID
				, b.USER_NM AS RQESTER_NM
			FROM
				COMTNWEBLOG a
			LEFT OUTER JOIN COMVNUSERMASTER b
				ON a.RQESTER_ID = b.ESNTL_ID
			WHERE
				1 = 1
			]]>

        <if test="searchWrd != null and searchWrd != ''">	<![CDATA[	AND
					 a.URL LIKE CONCAT ('%', #{searchWrd},'%') ]]>
        </if>
        <if test="searchBgnDe != null and searchBgnDe != ''">	<![CDATA[	AND
					a.OCCRRNC_DE BETWEEN STR_TO_DATE(CONCAT(#{searchBgnDe},' 00:00:00'), '%Y-%m-%d %H:%i:%s')
														AND STR_TO_DATE(CONCAT(#{searchEndDe},' 23:59:59'), '%Y-%m-%d %H:%i:%s')  ]]>
        </if>
        <![CDATA[	 ORDER BY a.OCCRRNC_DE DESC ]]>
        LIMIT #{recordCountPerPage} OFFSET #{firstIndex}
    </select>

    <!-- 웹 로그 총건수 -->
    <select id="selectWebLogInfCnt" parameterType="egovframework.com.sym.log.wlg.service.WebLog" resultType="int">

        <![CDATA[
			SELECT COUNT(a.REQUST_ID) as cnt
			FROM
				COMTNWEBLOG a
			LEFT OUTER JOIN COMVNUSERMASTER b
				ON a.RQESTER_ID = b.ESNTL_ID
			WHERE
				1 = 1
			]]>
        <if test="searchWrd != null and searchWrd != ''">	<![CDATA[	AND

				 	a.URL LIKE CONCAT ('%', #{searchWrd},'%')  ]]>
        </if>
        <if test="searchBgnDe != null and searchBgnDe != ''">	<![CDATA[	AND
				 	a.OCCRRNC_DE BETWEEN STR_TO_DATE(CONCAT(#{searchBgnDe},' 00:00:00'), '%Y-%m-%d %H:%i:%s')
														AND STR_TO_DATE(CONCAT(#{searchEndDe},' 23:59:59'), '%Y-%m-%d %H:%i:%s')  ]]>
        </if>
    </select>

    <!-- 웹 로그 전날 로그 요약 등록 -->
    <insert id="logInsertWebLogSummary">
		<![CDATA[
			INSERT INTO COMTSWEBLOGSUMMARY
			SELECT DATE_FORMAT(b.OCCRRNC_DE, '%Y%m%d' )
			     , b.URL
			     , COUNT(DATE_FORMAT(b.OCCRRNC_DE, '%Y-%m-%d' )) AS RDCNT
			  FROM COMTNWEBLOG b
			 WHERE NOT EXISTS (SELECT DATE_FORMAT(c.OCCRRNC_DE, '%Y-%m-%d' )
			                     FROM COMTSWEBLOGSUMMARY c
			                    WHERE DATE_FORMAT(c.OCCRRNC_DE, '%Y%m%d')  = DATE_FORMAT(ADDDATE(SYSDATE(), -1), '%Y%m%d')
			                  )
			  AND DATE_FORMAT(b.OCCRRNC_DE, '%Y%m%d' ) = DATE_FORMAT(ADDDATE(SYSDATE(), -1), '%Y%m%d')
			 GROUP BY DATE_FORMAT(b.OCCRRNC_DE, '%Y%m%d' )
				    , b.URL

		]]>
	</insert>

    <!-- 웹 로그 6개월전 로그 삭제 -->
    <delete id="logDeleteWebLogSummary">
		<![CDATA[
			DELETE FROM COMTNWEBLOG
			 WHERE DATE_FORMAT(OCCRRNC_DE, '%Y-%m-%d') < DATE_FORMAT(ADDDATE(SYSDATE(), INTERVAL -6 MONTH), '%Y-%m-%d')

		]]>
	</delete>

</mapper>