<?xml version="1.0" encoding="UTF-8"?>
<!DOCTYPE mapper PUBLIC "-//mybatis.org//DTD Mapper 3.0//EN"
        "http://mybatis.org/dtd/mybatis-3-mapper.dtd">
<mapper namespace="scheduleDAO">
    <insert id="insertSchedule">
        INSERT INTO /* scheduleDAO.insertSchedule */ COMTNSCHDULINFO
        (
             SCHDUL_ID
            ,SCHDUL_SE
            ,SCHDUL_DEPT_ID
            ,SCHDUL_KND_CODE
            ,SCHDUL_BGNDE
            ,SCHDUL_ENDDE
            ,SCHDUL_NM
            ,SCHDUL_CN
            ,SCHDUL_PLACE
            ,SCHDUL_IPCR_CODE
            ,SCHDUL_CHARGER_ID
            ,ATCH_FILE_ID
            ,FRST_REGIST_PNTTM
            ,FRST_REGISTER_ID
            ,LAST_UPDT_PNTTM
            ,LAST_UPDUSR_ID
            ,REPTIT_SE_CODE
        ) VALUES (
             #{schdulId}
            ,#{schdulSe}
            ,'test1'
            ,#{schdulKndCode}
            ,#{schdulBgnde}
            ,#{schdulEndde}
            ,#{schdulNm}
            ,#{schdulCn}
            ,#{schdulPlace}
            ,'A'
            ,#{schdulChargerId}
            ,#{atchFileId, jdbcType=CHAR}
            ,now()
            ,'test1'
            ,now()
            ,'test1'
            ,'N'
        )
    </insert>
    <update id="updateSchedule">
    	UPDATE COMTNSCHDULINFO /* scheduleDAO.updateSchedule */ SET
             SCHDUL_SE = #{schdulSe}
            ,SCHDUL_DEPT_ID = 'test1'
            ,SCHDUL_KND_CODE = #{schdulKndCode}
            ,SCHDUL_BGNDE = #{schdulBgnde}
            ,SCHDUL_ENDDE = #{schdulEndde}
            ,SCHDUL_NM = #{schdulNm}
            ,SCHDUL_CN = #{schdulCn}
            ,SCHDUL_PLACE = #{schdulPlace}
            ,SCHDUL_IPCR_CODE = 'A'
            ,SCHDUL_CHARGER_ID = #{schdulChargerId}
            ,ATCH_FILE_ID = #{atchFileId, jdbcType=CHAR}
            ,FRST_REGIST_PNTTM = now()
            ,FRST_REGISTER_ID = 'test1'
            ,LAST_UPDT_PNTTM = now()
            ,LAST_UPDUSR_ID = 'test1'
            ,REPTIT_SE_CODE = 'N'
        WHERE SCHDUL_ID = #{schdulId}
    </update>
    <select id="selectSchedule" resultType="ScheduleVO">
    	SELECT * FROM /* scheduleDAO.selectSchedule */ COMTNSCHDULINFO
    </select>
    
    <select id="selectScheduleList" resultType="ScheduleVO">
    	SELECT * FROM /* scheduleDAO.selectSchedule */ COMTNSCHDULINFO
    </select>
    
    <select id="selectScheduleDetail" resultType="ScheduleVO">
    	SELECT * FROM /* scheduleDAO.selectSchedule */ COMTNSCHDULINFO
    	WHERE SCHDUL_ID = #{schdulId}
    </select>
    
    <delete id="deleteSchedule">
    	DELETE FROM COMTNSCHDULINFO
    	WHERE SCHDUL_ID = #{schdulId}
    </delete>
</mapper>