<?xml version="1.0" encoding="UTF-8"?>
<!DOCTYPE mapper PUBLIC "-//mybatis.org//DTD Mapper 3.0//EN" 
"http://mybatis.org/dtd/mybatis-3-mapper.dtd">
<mapper namespace="authorManageDAO">

    <resultMap id="author" type="com.sillasystem.role.service.RoleManageVO">
        <result property="authorCode" column="AUTHOR_CODE"/>
        <result property="authorNm" column="AUTHOR_NM"/>
        <result property="authorDc" column="AUTHOR_DC"/>
        <result property="authorCreatDe" column="AUTHOR_CREAT_DE"/>
    </resultMap>

    <select id="selectAuthorList" parameterType="com.sillasystem.role.service.RoleManageVO" resultMap="author">
            SELECT
                   AUTHOR_CODE, AUTHOR_NM, AUTHOR_DC, AUTHOR_CREAT_DE, AUTHOR_ADM
              FROM COMTNAUTHORINFO
             WHERE 1=1
            <if test="searchCondition == 1">AND
                AUTHOR_NM LIKE CONCAT('%' , #{searchKeyword}, '%')
            </if>
            ORDER BY AUTHOR_CREAT_DE DESC
            LIMIT #{recordCountPerPage} OFFSET #{firstIndex}      
    </select>

    <insert id="insertAuthor" parameterType="com.sillasystem.role.service.RoleManage">
        
            INSERT INTO COMTNAUTHORINFO 
                  ( AUTHOR_CODE
                  , AUTHOR_NM
                  , AUTHOR_DC
                  , AUTHOR_CREAT_DE
                  , AUTHOR_ADM)
           VALUES ( #{authorCode}
                  , #{authorNm}
                  , #{authorDc}
                  , now()
                  , #{authorAdm})
         
    </insert>

    <update id="updateAuthor" parameterType="com.sillasystem.role.service.RoleManage">
        
            UPDATE COMTNAUTHORINFO 
               SET AUTHOR_NM=#{authorNm}
                 , AUTHOR_DC=#{authorDc}
                 , AUTHOR_ADM=#{authorAdm}
             WHERE AUTHOR_CODE=#{authorCode}
        
    </update>
    
    <delete id="deleteAuthor">
        
            DELETE FROM COMTNAUTHORINFO 
             WHERE AUTHOR_CODE=#{authorCode}
        
    </delete>
    
    <select id="selectAuthor" resultMap="author">
        
            SELECT AUTHOR_CODE, AUTHOR_NM, AUTHOR_DC, AUTHOR_CREAT_DE, AUTHOR_ADM
              FROM COMTNAUTHORINFO 
             WHERE AUTHOR_CODE=#{authorCode}
        
    </select>
    
    <select id="selectAuthorListTotCnt" parameterType="com.sillasystem.role.service.RoleManageVO" resultType="int">
            SELECT COUNT(*) totcnt
            FROM COMTNAUTHORINFO
            WHERE 1=1
            <if test="searchCondition == 1">AND
                AUTHOR_NM LIKE CONCAT('%' , #{searchKeyword}, '%')
            </if> 
    </select>
    
    <select id="selectAuthorAllList" parameterType="com.sillasystem.role.service.RoleManageVO" resultMap="author">
            SELECT
                   AUTHOR_CODE, AUTHOR_NM, AUTHOR_DC, AUTHOR_CREAT_DE, AUTHOR_ADM
              FROM COMTNAUTHORINFO
    </select>
</mapper>