<?xml version="1.0" encoding="UTF-8"?>
<!DOCTYPE mapper PUBLIC "-//mybatis.org//DTD Mapper 3.0//EN"
        "http://mybatis.org/dtd/mybatis-3-mapper.dtd">
<mapper namespace="bbsArticleDAO">
    <select id="selectBbsArticleList" resultType="egovMap">
        SELECT /* bbsArticleDAO.selectBbsArticleList */
            SEQ,BBS_ID,REF,BBS_LEVEL,STEP
            ,TITLE,CATEGORY,CONTENT,REPLY,SEC_YN
            ,DEL_YN,NOTICE_YN,REG_IP,READ_CNT,ATCH_FILE_ID,STATUS
            ,REG_ID,REG_DT,UPD_ID,UPD_DT
        FROM  SILLA_BBS
        <where>
            AND DEL_YN = 'N'
            AND BBS_ID = #{bbsId}
            <if test="searchType != null and searchType neq '' ">
                <choose>
                    <when test="searchType eq 'title'">
                        AND TITLE LIKE CONCAT('%',#{searchValue},'%')
                    </when>
                    <when test="searchType eq 'content'">
                        AND CONTENT LIKE CONCAT('%',#{searchValue},'%')
                    </when>
                    <when test="searchType eq 'regId'">
                        AND REG_ID LIKE CONCAT('%',#{searchValue},'%')
                    </when>
                    <when test="searchType eq 'all'">
                        AND ( TITLE LIKE CONCAT('%',#{searchValue},'%') OR CONTENT LIKE CONCAT('%',#{searchValue},'%') OR REG_ID LIKE CONCAT('%',#{searchValue},'%')  )
                    </when>
                </choose>
            </if>
            <if test="searchStartDate != null and searchStartDate neq ''">
                AND REG_DT <![CDATA[>=]]> STR_TO_DATE(CONCAT(#{searchStartDate},'00:00:00'),'%Y-%m-%d %H:%i:%S')
            </if>
            <if test="searchEndDate != null and searchEndDate neq ''">
                AND REG_DT <![CDATA[<=]]> STR_TO_DATE(CONCAT(#{searchEndDate},'23:59:59'),'%Y-%m-%d %H:%i:%S')
            </if>
        </where>
        ORDER BY REF DESC, 'LEVEL' ASC, STEP ASC
        LIMIT #{recordCountPerPage} OFFSET #{firstIndex}
    </select>

    <select id="selectBbsArticleListCnt" resultType="int">
        SELECT /* bbsArticleDAO.selectBbsArticleListCnt */
                COUNT(SEQ)
        FROM  SILLA_BBS
        <where>
            AND DEL_YN = 'N'
            AND BBS_ID = #{bbsId}
            <if test="searchType != null and searchType neq '' ">
                <choose>
                    <when test="searchType eq 'title'">
                        AND TITLE LIKE CONCAT('%',#{searchValue},'%')
                    </when>
                    <when test="searchType eq 'content'">
                        AND CONTENT LIKE CONCAT('%',#{searchValue},'%')
                    </when>
                    <when test="searchType eq 'regId'">
                        AND REG_ID LIKE CONCAT('%',#{searchValue},'%')
                    </when>
                    <when test="searchType eq 'all'">
                        AND ( TITLE LIKE CONCAT('%',#{searchValue},'%') OR CONTENT LIKE CONCAT('%',#{searchValue},'%') OR REG_ID LIKE CONCAT('%',#{searchValue},'%')  )
                    </when>
                </choose>
            </if>
            <if test="searchStartDate != null and searchStartDate neq ''">
                AND REG_DT <![CDATA[>=]]> STR_TO_DATE(CONCAT(#{searchStartDate},'00:00:00'),'%Y-%m-%d %H:%i:%S')
            </if>
            <if test="searchEndDate != null and searchEndDate neq ''">
                AND REG_DT <![CDATA[<=]]> STR_TO_DATE(CONCAT(#{searchEndDate},'23:59:59'),'%Y-%m-%d %H:%i:%S')
            </if>
        </where>
    </select>

    <select id="selectBbsArticleView" resultType="egovMap">
        SELECT  /* bbsArticleDAO.selectBbsArticleView */
                SEQ,BBS_ID,REF,BBS_LEVEL,STEP
                ,TITLE,CATEGORY,CONTENT,REPLY,SEC_YN
                ,DEL_YN,NOTICE_YN,REG_IP,READ_CNT,ATCH_FILE_ID
                ,STATUS,REG_ID,REG_DT,UPD_ID,UPD_DT
        FROM SILLA_BBS
        WHERE SEQ = #{seq}
    </select>

    <select id="selectBbsArticleFileList" resultType="egovMap">
        SELECT  /* bbsArticleDAO.selectBbsArticleFileList */
                ATCH_FILE_ID
                ,FILE_SN
                ,FILE_STRE_COURS
                ,STRE_FILE_NM
                ,ORIGNL_FILE_NM
                ,FILE_EXTSN
                ,FILE_CN
                ,FILE_SIZE
        FROM SILLA_FILE_DTL
        WHERE ATCH_FILE_ID = #{atchFileId}
    </select>

    <update id="updateReadCnt">
        UPDATE /* bbsArticleDAO.updateReadCnt */  SILLA_BBS
        SET READ_CNT = IFNULL(READ_CNT,0) +1
        WHERE SEQ = #{seq}
    </update>

    <insert id="insertBbsArticle">
        <selectKey keyProperty="bbsSeq" resultType="java.lang.Integer" order="BEFORE">
            SELECT /* bbsArticleDAO.insertBbsArticle */ AUTO_INCREMENT FROM INFORMATION_SCHEMA.TABLES WHERE TABLE_NAME = 'SILLA_BBS'
        </selectKey>
        INSERT INTO /* bbsArticleDAO.insertBbsArticle */ SILLA_BBS (
             SEQ
            ,BBS_ID
            ,REF
            ,BBS_LEVEL
            ,STEP
            ,TITLE
            ,CATEGORY
            ,CONTENT
            ,REPLY
            ,SEC_YN
            ,DEL_YN
            ,NOTICE_YN
            ,REG_IP
            ,READ_CNT
            ,ATCH_FILE_ID
            ,STATUS
            ,REG_ID
            ,REG_DT
            ,UPD_ID
            ,UPD_DT
        ) VALUES (
             #{bbsSeq}
            ,#{bbsId}
            ,IFNULL(#{ref},#{bbsSeq})
            ,IFNULL(#{bbsLevel}, 0)
            ,IFNULL(#{step},0)
            ,#{title}
            ,#{category}
            ,#{content}
            ,#{reply}
            ,IFNULL(#{secYn}, 'N')
            ,IFNULL(#{delYn}, 'N')
            ,IFNULL(#{noticeYn}, 'N')
            ,IFNULL(#{regIp}, 'N')
            ,0
            ,#{atchFileId}
            ,IFNULL(#{status}, 'Y')
            ,#{regId}
            ,now()
            ,#{updId}
            ,now()
        )
    </insert>

    <update id="updateBbsArticle">
        UPDATE /* bbsArticleDAO.updateBbsArticle */ SILLA_BBS
        SET
        <if test="title != null and title neq ''">
            TITLE = #{title},
        </if>
        <if test="category != null and category neq ''">
            CATEGORY = #{category},
        </if>
        <if test="content != null and content neq ''">
            CONTENT = #{content},
        </if>
        <if test="reply != null and reply neq ''">
            REPLY = #{reply},
        </if>
        <if test="secYn != null and secYn neq ''">
            SEC_YN = #{secYn},
        </if>
        <if test="delYn != null and delYn neq ''">
            DEL_YN = #{delYn},
        </if>
        <if test="noticeYn != null and noticeYn neq ''">
            NOTICE_YN = #{noticeYn},
        </if>
        <if test="status != null and status neq ''">
            STATUS = #{status},
        </if>
        <if test="atchFileId != null and atchFileId neq ''">
            ATCH_FILE_ID = #{atchFileId},
        </if>
            UPD_ID = #{updId},
            UPD_DT = #{updDt}
        WHERE SEQ = #{seq}
    </update>

    <update id="deleteBbsArticle">
        UPDATE /* bbsArticleDAO.deleteBbsArticle */ SILLA_BBS
        SET
        DEL_YN = 'Y',
        UPD_ID = #{updId},
        UPD_DT = #{updDt}
        WHERE SEQ = #{seq}
    </update>

    <update id="updateBbsArticleBeforeAnswerInsert">
        UPDATE /* bbsArticleDAO.updateBbsArticleBeforeAnswerInsert */ SILLA_BBS
        SET STEP = STEP +1
        WHERE BBS_ID = #{bbsId}
        AND STEP &gt; #{step}
    </update>
</mapper>