<?xml version="1.0" encoding="UTF-8"?>
<beans xmlns="http://www.springframework.org/schema/beans"
       xmlns:xsi="http://www.w3.org/2001/XMLSchema-instance"
       xmlns:context="http://www.springframework.org/schema/context"
       xsi:schemaLocation="http://www.springframework.org/schema/beans http://www.springframework.org/schema/beans/spring-beans-4.0.xsd
		http://www.springframework.org/schema/context http://www.springframework.org/schema/context/spring-context-4.0.xsd">
	
    <context:component-scan base-package="egovframework">
        <context:include-filter type="annotation" expression="org.springframework.stereotype.Service"/>
        <context:include-filter type="annotation" expression="org.springframework.stereotype.Repository"/>
        <context:exclude-filter type="annotation" expression="org.springframework.stereotype.Controller"/>
    </context:component-scan>
    
    <context:component-scan base-package="com">
        <context:include-filter type="annotation" expression="org.springframework.stereotype.Service"/>
        <context:include-filter type="annotation" expression="org.springframework.stereotype.Repository"/>
        <context:exclude-filter type="annotation" expression="org.springframework.stereotype.Controller"/>
    </context:component-scan>

    <context:annotation-config/>

    <!-- 국제화 Message 설정 -->
    <bean id="messageSource" class="egovframework.com.cmm.util.EgovWildcardReloadableResourceBundleMessageSource">
        <property name="egovBasenames">
            <list>
                <value>classpath*:egovframework/message/com/**/*</value>
                <value>classpath:/egovframework/rte/fdl/idgnr/messages/idgnr</value>
                <value>classpath:/egovframework/rte/fdl/property/messages/properties</value>
                <value>classpath:/egovframework/egovProps/globals</value>
                <value>classpath:/egovframework/message/com/sts/bst/*</value>
     
            </list>
        </property>

        <property name="cacheSeconds">
            <value>60</value>
        </property>
    </bean>

    <bean id="egovMessageSource" class="egovframework.com.cmm.EgovMessageSource">
        <property name="reloadableResourceBundleMessageSource">
            <ref bean="messageSource" />
        </property>
    </bean>

    <!-- 실행환경에서 빈 이름 참조(AbstractServiceImpl) -->
    <bean id="leaveaTrace" class="egovframework.rte.fdl.cmmn.trace.LeaveaTrace">
        <property name="traceHandlerServices">
            <list>
                <ref bean="egov.traceHandlerService" />
            </list>
        </property>
    </bean>

    <bean id="egov.traceHandlerService" class="egovframework.rte.fdl.cmmn.trace.manager.DefaultTraceHandleManager">
        <property name="reqExpMatcher">
            <ref bean="egov.antPathMater" />
        </property>
        <property name="patterns">
            <list>
                <value>*</value>
            </list>
        </property>
        <property name="handlers">
            <list>
                <ref bean="egov.defaultTraceHandler" />
            </list>
        </property>
    </bean>

    <bean id="egov.antPathMater" class="org.springframework.util.AntPathMatcher" />

    <bean id="egov.defaultTraceHandler" class="egovframework.rte.fdl.cmmn.trace.handler.DefaultTraceHandler" />


    <!-- MULTIPART RESOLVERS -->
    <!-- regular spring resolver -->
    <bean id="spring.RegularCommonsMultipartResolver" class="org.springframework.web.multipart.commons.CommonsMultipartResolver">
        <property name="maxUploadSize" value="600000000" />
        <property name="maxInMemorySize" value="100000000" />
        <property name="defaultEncoding" value="UTF-8"/>
    </bean>

    <!-- custom multi file resolver -->
    <bean id="local.MultiCommonsMultipartResolver" class="egovframework.com.cmm.web.EgovMultipartResolver">
        <property name="maxUploadSize" value="100000000" />
        <property name="maxInMemorySize" value="100000000" />
        <property name="defaultEncoding" value="UTF-8"/>
    </bean>
	
	<bean class="org.springframework.web.servlet.mvc.annotation.AnnotationMethodHandlerAdapter">
	    <property name="messageConverters">
	        <list>
	            <bean class="org.springframework.http.converter.json.MappingJackson2HttpMessageConverter"/>
	        </list>
	    </property>
	</bean>
	
	<!-- 액셀 뷰 -->
	<bean id="excelView" class="egovframework.com.cmm.util.ExcelView" />

    <!-- choose one from above and alias it to the name Spring expects -->
    <!-- alias name="local.MultiCommonsMultipartResolver" alias="multipartResolver" /-->
    <alias name="spring.RegularCommonsMultipartResolver" alias="multipartResolver" />

</beans>
