<?xml version="1.0" encoding="UTF-8" ?>
<!DOCTYPE mapper
  PUBLIC "-//mybatis.org//DTD Mapper 3.0//EN"
  "https://mybatis.org/dtd/mybatis-3-mapper.dtd">
  

<mapper namespace="com.Fyou.mapper.MemberMapper">
	<!-- 회원가입 -->
	<insert id="insertMember" parameterType="member">
		insert into tim_member (SEQ_MEMBER, MEMBER_ID, MEMBER_PW, MEMBER_NICK, MEMBER_NAME, MEMBER_PHONE, MEMBER_ADDRESS, MEMBER_DIVISION, MEMBER_DATE)
		values(seq_member.nextval, #{memberId}, #{memberPw}, #{memberNick}, #{memberName}, #{memberPhone}, #{memberAddress}, #{memberDivision}, sysdate)
	</insert>
	
	<!-- 단일 회원 조회 -->
	<select id="selectMember" parameterType="string" resultType="member">
		select *
		from tim_member
		where member_id = #{memberId}
	</select>
	
	<!-- 회원정보수정 -->
	<update id="updateMember" parameterType="member">
		update tim_member set 
		MEMBER_DATE = member_date
		<if test="memberPw != null">
			,MEMBER_PW = #{memberPw}
		</if>
		<if test="memberNick != null">
			,MEMBER_NICK = #{memberNick}
		</if>
		<if test="memberName != null">
			,MEMBER_NAME = #{memberName}
		</if>
		<if test="memberPhone != null">
			,MEMBER_PHONE = #{memberPhone}
		</if>
		<if test="memberAddress != null">
			,MEMBER_ADDRESS = #{memberAddress}
		</if>
		where member_id = #{memberId}
	</update>
	
	<!-- 로그인 -->
	<select id="loginMember" resultType="com.Fyou.vo.MemberVO">
		select *
		from tim_member
		where MEMBER_ID = #{id}
		and MEMBER_PW = #{pw}
	</select>
</mapper>