<?xml version="1.0" encoding="UTF-8"?>
<beans
        xmlns="http://www.springframework.org/schema/beans"
        xmlns:xsi="http://www.w3.org/2001/XMLSchema-instance"
        xmlns:util="http://www.springframework.org/schema/util"
        xmlns:jdbc="http://www.springframework.org/schema/jdbc"
        xmlns:jpa="http://www.springframework.org/schema/data/jpa"
        xsi:schemaLocation="http://www.springframework.org/schema/beans http://www.springframework.org/schema/beans/spring-beans-4.0.xsd
	 						http://www.springframework.org/schema/util http://www.springframework.org/schema/util/spring-util-4.0.xsd
	 						http://www.springframework.org/schema/data/jpa http://www.springframework.org/schema/data/jpa/spring-jpa-1.0.xsd
        					http://www.springframework.org/schema/jdbc  http://www.springframework.org/schema/jdbc/spring-jdbc-4.0.xsd">

    <bean id="egov.propertyConfigurer" class="org.springframework.beans.factory.config.PropertyPlaceholderConfigurer">
        <property name="locations">
            <list>
                <value>classpath:/egovframework/egovProps/globals.properties</value>
            </list>
        </property>
    </bean>

    <!-- DataSource -->
    <alias name="dataSource" alias="egov.dataSource" />

    <!-- MariaDB -->
	
    <bean id="dataSource" class="org.apache.commons.dbcp.BasicDataSource" destroy-method="close">
        <property name="driverClassName" value="${Globals.maria.DriverClassName}"/>
        <property name="url" value="${Globals.maria.Url}" />
        <property name="username" value="${Globals.maria.UserName}"/>
        <property name="password" value="${Globals.maria.Password}"/>
    </bean>
	
	
	<bean id="jpaVendorAdapter" class="org.springframework.orm.jpa.vendor.HibernateJpaVendorAdapter">
	  <property name="showSql" value="true"/>
	  <property name="generateDdl" value="true"/>
	  <property name="databasePlatform" value="org.hibernate.dialect.MariaDB10Dialect"/>
	</bean>
	
	<jpa:repositories base-package="com.**.repository" entity-manager-factory-ref="emf" />
	
	<bean class="org.springframework.orm.jpa.LocalContainerEntityManagerFactoryBean" id="emf">
		  <property name="packagesToScan" value="com" />
		  <property name="dataSource" ref="dataSource" />
		  <property name="jpaVendorAdapter" ref="jpaVendorAdapter"/>
		  <property name="persistenceUnitName" value="PersistUnit"/>
		  <property name="jpaProperties">
		    <props>
		      <prop key="hibernate.show_sql">true</prop>
		      <prop key="hibernate.hbm2ddl.auto">update</prop>
		    </props>
		  </property>
	</bean>
	<bean id="transactionManager" class="org.springframework.orm.jpa.JpaTransactionManager">
	    <property name="entityManagerFactory" ref="emf" />
	</bean>
	
	<bean id="persistenceExceptionTranslationPostProcessor" class="org.springframework.dao.annotation.PersistenceExceptionTranslationPostProcessor" />
	
	

</beans>