<?xml version="1.0" encoding="UTF-8"?>
<!DOCTYPE mapper PUBLIC "-//mybatis.org//DTD Mapper 3.0//EN" 
"http://mybatis.org/dtd/mybatis-3-mapper.dtd">
<mapper namespace="batResultDao">
    <resultMap id="batchResultResult" type="com.sillasystem.bat.vo.BatResultVO">
        <result property="batchResultId" column="BATCH_RESULT_ID"/>
        <result property="batchSchdulId" column="BATCH_SCHDUL_ID"/>
        <result property="batchOpertId" column="BATCH_OPERT_ID"/>
        <result property="batchOpertNm" column="BATCH_OPERT_NM"/>
        <result property="batchProgrm" column="BATCH_PROGRM"/>
        <result property="paramtr" column="PARAMTR"/>
        <result property="sttus" column="STTUS"/>
        <result property="sttusNm" column="STTUS_NM"/>
        <result property="errorInfo" column="ERROR_INFO"/>
        <result property="executBeginTime" column="EXECUT_BEGIN_TM"/>
        <result property="executEndTime" column="EXECUT_END_TM"/>
        <result property="frstRegisterId" column="FRST_REGISTER_ID"/>
        <result property="frstRegisterPnttm" column="FRST_REGIST_PNTTM"/>
        <result property="lastUpdusrId" column="LAST_UPDUSR_ID"/>
        <result property="lastUpdusrPnttm" column="LAST_UPDT_PNTTM"/>
    </resultMap>

    <select id="selectBatchResultList" parameterType="com.sillasystem.bat.vo.BatResultVO" resultMap="batchResultResult">
 
            SELECT A.BATCH_RESULT_ID, A.BATCH_SCHDUL_ID, A.BATCH_OPERT_ID, B.BATCH_OPERT_NM, B.BATCH_PROGRM, A.PARAMTR, 
               A.STTUS, C.CODE_NM STTUS_NM, A.ERROR_INFO, A.EXECUT_BEGIN_TM, A.EXECUT_END_TM, 
               DATE_FORMAT(A.LAST_UPDT_PNTTM, '%Y-%m-%d %H:%i:%S') AS LAST_UPDT_PNTTM, A.LAST_UPDUSR_ID,
               A.FRST_REGISTER_ID, DATE_FORMAT(A.FRST_REGIST_PNTTM, '%Y-%m-%d %H:%i:%S') AS FRST_REGIST_PNTTM
            FROM tbl_batresult A, tb_batopert B, COMTCCMMNDETAILCODE C
            WHERE A.BATCH_OPERT_ID = B.BATCH_OPERT_ID
              AND A.STTUS = C.CODE
              AND C.CODE_ID = 'COM076'
        
            <if test="sttus != null and sttus != '00'">        
              
                   AND A.STTUS = #{sttus}
              
            </if>
            <if test="searchKeywordFrom != null and searchKeywordFrom != ''">AND
                       SUBSTR(A.EXECUT_BEGIN_TM,1, 8) >= #{searchKeywordFrom}      
                
            </if>
            <if test="searchKeywordTo != null and searchKeywordTo != ''">AND
                       SUBSTR(A.EXECUT_BEGIN_TM,1, 8) &lt;= #{searchKeywordTo}
                
            </if>
            <if test="searchCondition == 0">AND
                   B.BATCH_OPERT_NM LIKE CONCAT ('%', #{searchKeyword},'%')        
            </if>
            <if test="searchCondition == 1">AND
                   A.BATCH_SCHDUL_ID LIKE CONCAT ('%', #{searchKeyword},'%')        
            </if>
        
            ORDER BY A.BATCH_RESULT_ID DESC
            LIMIT #{recordCountPerPage} OFFSET #{firstIndex}
        
</select>

    <select id="selectBatchResultListCnt" parameterType="com.sillasystem.bat.vo.BatResultVO" resultType="java.lang.Integer">
        
            SELECT COUNT(*) totcnt
            FROM tbl_batresult A, tb_batopert B, COMTCCMMNDETAILCODE C
            WHERE A.BATCH_OPERT_ID = B.BATCH_OPERT_ID
              AND A.STTUS = C.CODE
              AND C.CODE_ID = 'COM076'
        
            <if test="sttus != null and sttus != '00'">        
              
                   AND A.STTUS = #{sttus}        
              
            </if>           
            <if test="searchKeywordFrom != null and searchKeywordFrom != ''">AND
                       SUBSTR(A.EXECUT_BEGIN_TM,1, 8) >= #{searchKeywordFrom}      
                
            </if>
            <if test="searchKeywordTo != null and searchKeywordTo != ''">AND
                       SUBSTR(A.EXECUT_BEGIN_TM,1, 8) &lt;= #{searchKeywordTo}
                
            </if>
            <if test="searchCondition == 0">AND
                   B.BATCH_OPERT_NM LIKE CONCAT ('%', #{searchKeyword},'%')        
            </if>
            <if test="searchCondition == 1">AND
                   A.BATCH_SCHDUL_ID LIKE CONCAT ('%', #{searchKeyword},'%')        
            </if>
    </select>
    
    <select id="selectBatchResult" parameterType="com.sillasystem.bat.vo.BatResultVO" resultMap="batchResultResult">
        
            SELECT A.BATCH_RESULT_ID, A.BATCH_SCHDUL_ID, A.BATCH_OPERT_ID, B.BATCH_OPERT_NM, B.BATCH_PROGRM, A.PARAMTR, 
               A.STTUS, C.CODE_NM STTUS_NM, A.ERROR_INFO, A.EXECUT_BEGIN_TM, A.EXECUT_END_TM, 
               DATE_FORMAT(A.LAST_UPDT_PNTTM, '%Y-%m-%d %H:%i:%S') AS LAST_UPDT_PNTTM, A.LAST_UPDUSR_ID,
               A.FRST_REGISTER_ID, DATE_FORMAT(A.FRST_REGIST_PNTTM, '%Y-%m-%d %H:%i:%S') AS FRST_REGIST_PNTTM
            FROM tbl_batresult A, tb_batopert B, COMTCCMMNDETAILCODE C
            WHERE A.BATCH_OPERT_ID = B.BATCH_OPERT_ID
              AND A.STTUS = C.CODE
              AND C.CODE_ID = 'COM076'
              AND A.BATCH_RESULT_ID = #{batchResultId}
        
    </select>

    <insert id="insertBatchResult" parameterType="com.sillasystem.bat.vo.BatResultVO">
        
            INSERT INTO tbl_batresult (
                BATCH_RESULT_ID, BATCH_SCHDUL_ID, BATCH_OPERT_ID, PARAMTR, STTUS, ERROR_INFO, EXECUT_BEGIN_TM, EXECUT_END_TM,
                LAST_UPDUSR_ID, LAST_UPDT_PNTTM,FRST_REGISTER_ID, FRST_REGIST_PNTTM
                ) 
            VALUES (
                    #{batchResultId},  
                    #{batchSchdulId},
                    #{batchOpertId},  
                    #{paramtr},
                    #{sttus},
                    #{errorInfo},
                    #{executBeginTime},
                    #{executEndTime},
                    #{lastUpdusrId},
                    SYSDATE(),
                    #{frstRegisterId},
                    SYSDATE()
                 ) 
        
    </insert>

     <update id="updateBatchResult" parameterType="com.sillasystem.bat.vo.BatResultVO">
        
            UPDATE tbl_batresult SET 
                ERROR_INFO = #{errorInfo},
                STTUS = #{sttus},
                EXECUT_END_TM = #{executEndTime},
                LAST_UPDUSR_ID = #{lastUpdusrId},
                LAST_UPDT_PNTTM = SYSDATE()
            WHERE BATCH_RESULT_ID = #{batchResultId} 
        
    </update>

    <delete id="deleteBatchResult" parameterType="com.sillasystem.bat.vo.BatResultVO">
        
            DELETE 
            FROM tbl_batresult 
            WHERE  BATCH_RESULT_ID = #{batchResultId} 
        
    </delete>

</mapper>