<?xml version="1.0" encoding="UTF-8"?>
<!DOCTYPE mapper PUBLIC "-//mybatis.org//DTD Mapper 3.0//EN"
        "http://mybatis.org/dtd/mybatis-3-mapper.dtd">
<mapper namespace="ctbBbsManageDAO">

    <select id="selectbbsManageList" resultType="egovMap">
        SELECT  /* bbsManageDAO.selectbbsManageList */
                BBS_ID
               ,BBS_NAME
               ,BBS_TYPE
               ,(SELECT CODE_NM FROM COMTCCMMNDETAILCODE
                WHERE USE_AT = 'Y'
                AND CODE_ID = 'SIL002'
                AND CODE = BBS_TYPE ) BBS_TYPE_NM
               ,USE_YN
               ,LIST_COUNT
               ,FILE_YN
               ,FILE_COUNT
               ,REG_ID
               ,REG_DT
               ,UPD_ID
               ,UPD_DT
               ,DEL_YN
        FROM   silla_ctb_bbsmst
        <where>
            AND DEL_YN = 'N'
        <if test="useYn != null and useYn neq '' ">
            AND USE_YN = #{useYn}
        </if>
        <if test="searchType != null and searchType neq '' ">
            <choose>
                <when test="searchType eq 'bbsId'">
                    AND BBS_ID LIKE CONCAT('%',#{searchValue},'%')
                </when>
                <when test="searchType eq 'bbsName'">
                    AND BBS_NAME LIKE CONCAT('%',#{searchValue},'%')
                </when>
                <when test="searchType eq 'bbsType'">
                    AND BBS_TYPE LIKE CONCAT('%',#{searchValue},'%')
                </when>
                <when test="searchType eq 'all'">
                    AND ( BBS_ID LIKE CONCAT('%',#{searchValue},'%') OR BBS_NAME LIKE CONCAT('%',#{searchValue},'%') OR BBS_TYPE LIKE CONCAT('%',#{searchValue},'%') LIKE CONCAT('%',#{searchValue},'%') )
                </when>
            </choose>
        </if>
        <if test="searchStartDate != null and searchStartDate neq ''">
            AND REG_DT <![CDATA[>=]]> STR_TO_DATE(CONCAT(#{searchStartDate},'00:00:00'),'%Y-%m-%d %H:%i:%S')
        </if>
        <if test="searchEndDate != null and searchEndDate neq ''">
            AND REG_DT <![CDATA[<=]]> STR_TO_DATE(CONCAT(#{searchEndDate},'23:59:59'),'%Y-%m-%d %H:%i:%S')
        </if>
        </where>
        ORDER BY REG_DT DESC
        LIMIT #{recordCountPerPage} OFFSET #{firstIndex}
    </select>

    <select id="bbsManageListCnt" resultType="int">
        SELECT  /* bbsManageDAO.bbsManageListCnt */ COUNT(BBS_ID)
        FROM   silla_ctb_bbsmst
        <where>
            AND DEL_YN = 'N'
        <if test="useYn != null and useYn neq '' ">
            AND USE_YN = #{useYn}
        </if>
        <if test="searchType != null and searchType neq '' ">
            <choose>
                <when test="searchType eq 'bbsId'">
                    AND BBS_ID LIKE CONCAT('%',#{searchValue},'%')
                </when>
                <when test="searchType eq 'bbsName'">
                    AND BBS_NAME LIKE CONCAT('%',#{searchValue},'%')
                </when>
                <when test="searchType eq 'bbsType'">
                    AND BBS_TYPE LIKE CONCAT('%',#{searchValue},'%')
                </when>
                <when test="searchType eq 'all'">
                    AND ( BBS_ID LIKE CONCAT('%',#{searchValue},'%') OR BBS_NAME LIKE CONCAT('%',#{searchValue},'%') OR BBS_TYPE LIKE CONCAT('%',#{searchValue},'%') LIKE CONCAT('%',#{searchValue},'%') )
                </when>
            </choose>
        </if>
        <if test="searchStartDate != null and searchStartDate neq ''">
            AND REG_DT <![CDATA[>=]]> STR_TO_DATE(CONCAT(#{searchStartDate},'00:00:00'),'%Y-%m-%d %H:%i:%S')
        </if>
        <if test="searchEndDate != null and searchEndDate neq ''">
            AND REG_DT <![CDATA[<=]]> STR_TO_DATE(CONCAT(#{searchEndDate},'23:59:59'),'%Y-%m-%d %H:%i:%S')
        </if>
        </where>
    </select>

    <select id="selectBbsMastView" resultType="egovMap">
        SELECT  /* ctbBbsManageDAO.selectBbsMastView */
                BBS_ID
               ,BBS_NAME
               ,BBS_TYPE
               ,USE_YN
               ,LIST_COUNT
               ,FILE_YN
               ,FILE_COUNT
               ,REG_ID
               ,REG_DT
               ,UPD_ID
               ,UPD_DT
               ,DEL_YN
        FROM   silla_ctb_bbsmst
        WHERE BBS_ID = #{bbsId}
    </select>

    <select id="selectBbsMastManagerList" resultType="egovMap">
        SELECT /* ctbBbsManageDAO.selectBbsMastManagerList */
            M.GROUP_ID, C.AUTHOR_NM as GROUP_NM
        FROM   SILLA_BBS_MANAGER M,
                ( SELECT AUTHOR_CODE ,
                AUTHOR_NM
                FROM    COMTNAUTHORINFO
                WHERE     AUTHOR_ADM = 'A'
                ) C
        WHERE  M.GROUP_ID = C.AUTHOR_CODE
        AND M.BBS_ID = #{bbsId}
        <if test="groupId != null and groupId neq ''">
            AND M.GROUP_ID = #{groupId}
        </if>
    </select>
	
	<!-- 게시판 등록 -->
    <insert id="insertBbsMast">
        INSERT INTO /* bbsManageDAO.insertBbsMast */ silla_ctb_bbsmst
        (
             BBS_ID
            ,BBS_NAME
            ,BBS_TYPE
            ,USE_YN
            ,LIST_COUNT
            ,FILE_YN
            ,FILE_COUNT
            ,REG_ID
            ,REG_DT
            ,UPD_ID
            ,UPD_DT
            ,DEL_YN
        ) VALUES (
             #{bbsId}
            ,#{bbsName}
            ,#{bbsType}
            ,#{useYn}
            ,#{listCount}
            ,#{fileYn}
            ,#{fileCount}
            ,#{regId}
            ,now()
            ,#{updId}
            ,now()
            ,'N'
        )
    </insert>

    <update id="updateBbsMast">
        UPDATE /* bbsManageDAO.updateBbsMast */ silla_ctb_bbsmst
        SET  BBS_NAME = #{bbsName}
            ,BBS_TYPE = #{bbsType}
            ,USE_YN = #{useYn}
            ,LIST_COUNT = #{listCount}
            ,FILE_YN = #{fileYn}
            ,FILE_COUNT = #{fileCount}
            ,UPD_ID = #{updId}
            ,UPD_DT = now()
        WHERE BBS_ID = #{bbsId}
    </update>

    <update id="deleteBbsMast">
        UPDATE /* bbsManageDAO.deleteBbsMast */ silla_ctb_bbsmst
        SET DEL_YN = 'Y'
            ,UPD_ID = #{updId}
            ,UPD_DT = now()
        WHERE BBS_ID = #{bbsId}
    </update>
	
	<!-- 게시판 메니저 등록 -->
    <insert id="insertBbsManager">
        INSERT INTO /* bbsManageDAO.insertBbsManager */ SILLA_BBS_MANAGER
       (
            BBS_ID
            ,GROUP_ID
            ,REG_ID
            ,REG_DT
       )
       VALUES
       (
            #{bbsId}
            ,#{groupId}
            ,#{regId}
            ,now()
       ) ON DUPLICATE KEY UPDATE
       REG_ID = #{regId}
       ,REG_DT = now()
    </insert>
	
	<!-- 매니저 업데이트하기 위해 다 삭제 -->
    <delete id="deleteBbsManager">
        DELETE FROM /* bbsManageDAO.deleteBbsManager */ SILLA_BBS_MANAGER
        WHERE BBS_ID = #{bbsId}
        AND GROUP_ID NOT IN
        <foreach collection="regLevel" item="item" index="index" open="(" close=")" separator="," >
            #{item}
        </foreach>
    </delete>

    <select id="duplicateCheck" resultType="int">
        SELECT /* bbsManageDAO.duplicateCheck */ COUNT(BBS_ID) FROM silla_ctb_bbsmst
        WHERE BBS_ID = #{bbsId}
    </select>

    <select id="selectOffenseWordsMap" resultType="egovMap">
        SELECT /* bbsManageDAO.selectOffenseWordsMap */ SEQ, OFFENSE_WORD FROM SILLA_OFFENSE_WORDS
    </select>

    <update id="updateOffenseWordsManage">
        INSERT INTO /* bbsManageDAO.updateOffenseWordsManage */ SILLA_OFFENSE_WORDS (
            SEQ, OFFENSE_WORD
        ) VALUES (
            1,#{offenseWord}
        ) ON DUPLICATE KEY UPDATE
        OFFENSE_WORD = #{offenseWord}
    </update>

    <select id="selectBbsCategoryDetail" resultType="egovMap">
        SELECT  /* bbsManageDAO.selectBbsCategoryDetail */
                CATEGORY_SEQ
               ,BBS_ID
               ,CATEGORY_NAME
               ,REG_ID
               ,REG_DT
               ,UPD_ID
               ,UPD_DT
        FROM SILLA_BBS_CATEGORY
        WHERE CATEGORY_SEQ = #{categorySeq}
    </select>

    <select id="selectBbsCategoryList" resultType="egovMap">
        SELECT  /* bbsManageDAO.selectBbsCategoryList */
                CATEGORY_SEQ
               ,BBS_ID
               ,CATEGORY_NAME
               ,REG_ID
               ,REG_DT
               ,UPD_ID
               ,UPD_DT
        FROM SILLA_BBS_CATEGORY
        WHERE BBS_ID = #{bbsId}
        ORDER BY CATEGORY_SEQ DESC
    </select>

    <update id="mergeBbsCategory">
        <selectKey keyProperty="maxCategorySeq" order="BEFORE" resultType="java.lang.Integer">
            SELECT /* bbsManageDAO.mergeBbsCategory */ NVL(MAX(CATEGORY_SEQ), 0) +1
            FROM   SILLA_BBS_CATEGORY
        </selectKey>
        INSERT INTO /* bbsManageDAO.mergeBbsCategory */ SILLA_BBS_CATEGORY (
            CATEGORY_SEQ
            ,BBS_ID
            ,CATEGORY_NAME
            ,REG_ID
            ,REG_DT
            ,UPD_ID
            ,UPD_DT
        ) VALUES (
            NVL(#{categorySeq}, #{maxCategorySeq})
            ,#{bbsId}
            ,#{categoryName}
            ,#{regId}
            ,now()
            ,#{updId}
            ,now()
        ) ON DUPLICATE KEY UPDATE
             CATEGORY_NAME = #{categoryName}
            ,UPD_ID = #{updId}
            ,UPD_DT = now()
    </update>

    <delete id="deleteBbsCategory">
        DELETE /* bbsManageDAO.deleteBbsCategory */ FROM SILLA_BBS_CATEGORY
        WHERE CATEGORY_SEQ = #{categorySeq}
    </delete>
</mapper>