<?xml version="1.0" encoding="UTF-8"?>
<!DOCTYPE mapper PUBLIC "-//mybatis.org//DTD Mapper 3.0//EN" 
"http://mybatis.org/dtd/mybatis-3-mapper.dtd">
<mapper namespace="menuManageDAO">
	
	<select id="selectMainMenuHead" parameterType="egovframework.com.sym.mnu.mpm.service.MenuManageVO" resultType="egovMap">
		 
            SELECT
			      B.MENU_NO AS menuNo
				, B.MENU_ORDR AS menuOrdr
				, B.MENU_NM AS menuNm
				, B.UPPER_MENU_NO AS upperMenuId
				, B.MENU_DC AS menuDc
				, B.RELATE_IMAGE_PATH AS relateImagePath
				, B.RELATE_IMAGE_NM AS relateImageNm
				, B.PROGRM_FILE_NM AS progrmFileNm
				, B.LEVEL as level
				, (SELECT C.URL FROM COMTNPROGRMLIST C WHERE B.PROGRM_FILE_NM = C.PROGRM_FILE_NM) AS chkURL
			FROM COMTNMENUCREATDTLS A, COMVMENULIST B
			WHERE  B.LEVEL &lt; 3
			AND    A.MENU_NO  = B.MENU_NO 
			AND    A.AUTHOR_CODE = (SELECT C.AUTHOR_CODE from COMTNEMPLYRSCRTYESTBS C
	                                WHERE  C.SCRTY_DTRMN_TRGET_ID = #{tmpUniqId})
			ORDER BY B.LEVEL, B.MENU_ORDR
	</select>

	<select id="selectMainMenuLeft" parameterType="egovframework.com.sym.mnu.mpm.service.MenuManageVO" resultType="egovMap">
			SELECT
			       B.MENU_NO AS menuNo
				 , B.MENU_ORDR AS menuOrdr
				 , B.MENU_NM AS menuNm
				 , B.UPPER_MENU_NO AS upperMenuId
				 , B.RELATE_IMAGE_PATH AS relateImagePath
				 , B.RELATE_IMAGE_NM AS relateImageNm
				 , B.TOP_MENU as topMenuId
				 , (SELECT C.URL FROM COMTNPROGRMLIST C WHERE B.PROGRM_FILE_NM = C.PROGRM_FILE_NM) AS chkURL	
			FROM   COMTNMENUCREATDTLS A, COMVMENULIST B
			WHERE  B.LEVEL &gt; 1
			AND    A.MENU_NO  = B.MENU_NO
			AND    B.TOP_MENU = #{menuNo}
			AND    A.AUTHOR_CODE = (SELECT AUTHOR_CODE from COMTNEMPLYRSCRTYESTBS
	                                WHERE  SCRTY_DTRMN_TRGET_ID = #{tmpUniqId})
			ORDER BY B.LEVEL, B.MENU_ORDR
	</select>

	<select id="selectCurrentMenu" parameterType="egovframework.com.sym.mnu.mpm.service.MenuManageVO" resultType="egovMap">
			SELECT
			       B.MENU_NO AS menuNo
				 , B.MENU_ORDR AS menuOrdr
				 , B.MENU_NM AS menuNm
				 , B.UPPER_MENU_NO AS upperMenuId
				 , B.RELATE_IMAGE_PATH AS relateImagePath
				 , B.RELATE_IMAGE_NM AS relateImageNm
				 , B.TOP_MENU as topMenuId
				 , (SELECT C.URL FROM COMTNPROGRMLIST C WHERE B.PROGRM_FILE_NM = C.PROGRM_FILE_NM) AS chkURL
			FROM   COMTNMENUCREATDTLS A, COMVMENULIST B
			WHERE  A.MENU_NO  = B.MENU_NO
			AND    B.MENU_NO = #{menuNo}
			AND    A.AUTHOR_CODE = (SELECT AUTHOR_CODE from COMTNEMPLYRSCRTYESTBS
	                                WHERE  SCRTY_DTRMN_TRGET_ID = #{tmpUniqId})
			ORDER BY B.LEVEL, B.MENU_ORDR
	</select>

	<select id="selectLastMenuURL" parameterType="egovframework.com.sym.mnu.mpm.service.MenuManageVO" resultType="String">
		 
			SELECT URL 
			FROM   COMTNPROGRMLIST
			WHERE  PROGRM_FILE_NM =
			       (SELECT PROGRM_FILE_NM FROM COMTNMENUINFO
				    WHERE MENU_NO = #{menuNo})
		 
	</select>

	<select id="selectLastMenuNo" parameterType="egovframework.com.sym.mnu.mpm.service.MenuManageVO" resultType="int">
		 
			select MIN(MENU_NO) 
			from   COMTNMENUINFO
			where  UPPER_MENU_NO = #{menuNo}
			and    MENU_ORDR =
			      (select MIN(MENU_ORDR) 
			       from COMTNMENUCREATDTLS A, COMTNMENUINFO B
			       where A.MENU_NO = B.MENU_NO
			       AND   A.AUTHOR_CODE = (SELECT AUTHOR_CODE from COMTNEMPLYRSCRTYESTBS
	                                      WHERE  SCRTY_DTRMN_TRGET_ID = #{tempValue})
			       AND   B.UPPER_MENU_NO = #{menuNo})
		 
	</select>

	<select id="selectLastMenuNoCnt" parameterType="egovframework.com.sym.mnu.mpm.service.MenuManageVO" resultType="int">
		 
			select count(MENU_NO) 
			from   COMTNMENUINFO
			where  UPPER_MENU_NO = #{menuNo}
			and    MENU_ORDR =
			      (select MIN(MENU_ORDR) 
			       from COMTNMENUCREATDTLS A, COMTNMENUINFO B
			       where A.MENU_NO = B.MENU_NO
			       AND   A.AUTHOR_CODE = (SELECT AUTHOR_CODE from COMTNEMPLYRSCRTYESTBS
	                                      WHERE  SCRTY_DTRMN_TRGET_ID = #{tempValue})
			       AND   B.UPPER_MENU_NO = #{menuNo})
		 
	</select>
	
	<select id="selectMenuAuth" parameterType="egovframework.com.sym.mnu.mpm.service.MenuManageVO" resultType="int">		 
			SELECT COUNT(MENU_NM) AS CNT 
			  FROM COMTNMENUINFO MENU
			  LEFT JOIN COMTNPROGRMLIST PROGRM
			    ON PROGRM.PROGRM_FILE_NM = MENU.PROGRM_FILE_NM
			  LEFT JOIN COMTNMENUCREATDTLS MENUROLE
			    ON MENUROLE.MENU_NO = MENU.MENU_NO   
			  LEFT JOIN COMTNEMPLYRSCRTYESTBS ROLEMAP
			    ON ROLEMAP.AUTHOR_CODE = MENUROLE.AUTHOR_CODE 
			  LEFT JOIN COMTNEMPLYRINFO ADM
			    ON ADM.ESNTL_ID = ROLEMAP.SCRTY_DTRMN_TRGET_ID
			 WHERE ADM.ESNTL_ID=#{tmpUniqId}
			   AND PROGRM.PROGRM_STRE_PATH = #{chkPath}		 
	</select>
	
	<select id="selectNowMenu" parameterType="String" resultType="egovframework.com.sym.mnu.mpm.service.MenuManageVO">		 
			SELECT MENU_NM AS menuNm
			     , MENU_NO	AS menuNo
			     , UPPER_MENU_NO AS upperMenuId
			  FROM COMTNMENUINFO MENU
			  LEFT JOIN COMTNPROGRMLIST PROGRM
			    ON PROGRM.PROGRM_FILE_NM = MENU.PROGRM_FILE_NM
			 WHERE PROGRM.PROGRM_STRE_PATH = #{chkPath}
			 ORDER BY MENU_NO DESC
			 LIMIT 0,1
	</select>
	
	<select id="selectParentMenu" parameterType="String" resultType="egovframework.com.sym.mnu.mpm.service.MenuManageVO">		 
			SELECT MENU_NM AS menuNm
			     , MENU_NO	AS menuNo
			     , UPPER_MENU_NO AS upperMenuId
			  FROM COMTNMENUINFO			  
			 WHERE MENU_NO=#{Parent}
			 ORDER BY MENU_NO DESC
			 LIMIT 0,1
	</select>
</mapper>