<?xml version="1.0" encoding="utf-8" ?>
<!DOCTYPE tiles-definitions PUBLIC
       "-//Apache Software Foundation//DTD Tiles Configuration 3.0//EN"
       "http://tiles.apache.org/dtds/tiles-config_3_0.dtd">
<tiles-definitions>
  <!-- 
  최상단에는 <%@ taglib uri="http://tiles.apache.org/tags-tiles" prefix="tiles" %>
  사용방법 템플릿 원하는 위치에 <tiles:insertAttribute name="body" />
   -->
   <!-- 사용자 인터페이스 -->
   <definition name="coupang.buyer" template="/WEB-INF/layout/BuyerTM.jsp">
  </definition>
  <!-- 일반사용자 페이지 (헤드만 있는 페이지) -->
  <definition name="WILDCARD:BuyerTM/*" extends="coupang.buyer">
  	<put-attribute name="header" value="/WEB-INF/layout/head.jsp" />
  	<put-attribute name="body" value="/WEB-INF/abuyer/{1}.jsp" />
  	<put-attribute name="footer" value="/WEB-INF/layout/footer.jsp" />
  </definition>
 
  
  <!-- 사용자 인터페이스2 -->
   <definition name="coupang.buyer2" template="/WEB-INF/layout/BuyerTAM.jsp">
  </definition>
  <!-- 일반사용자 페이지2 (헤드와 사이드 있는 페이지 -->
  <definition name="WILDCARD:BuyerTAM/*" extends="coupang.buyer2">
  	<put-attribute name="header" value="/WEB-INF/layout/head.jsp" />
  	<put-attribute name="aside" value="/WEB-INF/layout/aside2.jsp" />
  	<put-attribute name="body" value="/WEB-INF/abuyer/{1}.jsp" />
  	<put-attribute name="footer" value="/WEB-INF/layout/footer.jsp" />
  </definition>
  
  
  <!-- 관리자 인터페이스 -->
  <definition name="coupang.seller" template="/WEB-INF/layout/sellerAM.jsp">
  </definition>
  <!-- 관리자 페이지 (헤드와 사이드 있는 페이지 -->
  <definition name="WILDCARD:sellerAM/*" extends="coupang.seller">
  	<put-attribute name="body" value="/WEB-INF/aseller/{1}.jsp" />
  </definition>
  
  
  
	<definition name="coupang.buyeronly" template="/WEB-INF/layout/onlyBody.jsp">
	</definition>
	<definition name="WILDCARD:OnlyBody/*" extends="coupang.buyeronly">
		<put-attribute name="body" value="/WEB-INF/abuyer/{1}.jsp" />
		<!-- <put-attribute name="footer" value="/WEB-INF/layout/footer.jsp" /> -->
	</definition>
	
  <!-- 테스트 인터페이스 -->
  <definition name="myapp.homepage" template="/layouts/classic.jsp">
    <put-attribute name="title" value="Tiles tutorial homepage" />
    <put-attribute name="header" value="/tiles/banner.jsp" />
    <put-attribute name="menu" value="/tiles/common_menu.jsp" />
    <put-attribute name="body" value="/tiles/home_body.jsp" />
    <put-attribute name="footer" value="/tiles/credits.jsp" />
  </definition>
  <!-- 테스트 템플릿 -->
  <definition name="user.home" template="/WEB-INF/layout/temptest.jsp">
    <put-attribute name="title" value="일반 사용자용 템플릿" />
    <put-attribute name="body" value="/WEB-INF/test.jsp" />
  </definition>
  <!-- 테스트 템플릿 -->
  <definition name="WILDCARD:board/*" extends="user.home">
  	<put-attribute name="title" value="타일스 board/*.tiles" />
  	<put-attribute name="body" value="/WEB-INF/jsp/{1}.jsp" />
  </definition>
  
  <!-- 
  <definition name="WILDCARD:*/*" extends="user.home">
  	<put-attribute name="title" value="일반사용자 자바스크립트연스" />
  	<put-attribute name="body" value="/WEB-INF/jsp/{1}/{2}.jsp" />
  </definition>
  
  <definition name="admin.home" template="/WEB-INF/layout/templateAdmin.jsp">
    <put-attribute name="title" value="관리자용 템플릿" />
    <put-attribute name="body" value="/WEB-INF/layout/bodyAdmin.jsp" />
  </definition>
  
  <definition name="WILDCARD:admin/*" extends="admin.home">
  	<put-attribute name="title" value="타일스 admin/*.tiles" />
  	<put-attribute name="body" value="/WEB-INF/jsp/{1}.jsp" />
  </definition>
   -->
  
</tiles-definitions>